467	46ea34c	114167361308	Test (windows-latest, Node 24)	Run npm test
467	46ea34c	114167361375	Test (windows-latest, Node 22)	Run npm test
466	9c3d013	114162161552	Test (windows-latest, Node 24)	Run npm test
466	9c3d013	114162161554	Test (windows-latest, Node 22)	Run npm test
465	ac19490	114160738872	Uçtan uca (Chromium)	Run npm run test:senaryo-222
465	ac19490	114160738991	Test (windows-latest, Node 24)	Run npm test
465	ac19490	114160739067	Test (windows-latest, Node 22)	Run npm test
464	feab2ae	114160513953	Test (windows-latest, Node 24)	Run npm test
464	feab2ae	114160513955	Test (windows-latest, Node 22)	Run npm test
463	0603260	114066493131	Test (windows-latest, Node 24)	Run npm test
463	0603260	114066493183	Test (windows-latest, Node 22)	Run npm test
462	0beded4	114063282615	Test (windows-latest, Node 22)	Run npm test
462	0beded4	114063282693	Test (windows-latest, Node 24)	Run npm test
461	e35615d	114043791085	Test (windows-latest, Node 22)	Run npm test
461	e35615d	114043791171	Test (windows-latest, Node 24)	Run npm test
460	825b198	114043723547	Uçtan uca (Chromium)	Run npm run test:senaryo-banka-210
460	825b198	114043723647	Test (windows-latest, Node 22)	Run npm test
460	825b198	114043723666	Test (windows-latest, Node 24)	Run npm test
459	aa2520d	114031653705	Test (windows-latest, Node 22)	Run npm test
459	aa2520d	114031653754	Test (windows-latest, Node 24)	Run npm test
458	ab2cdfa	114012427601	Test (windows-latest, Node 24)	Run npm test
458	ab2cdfa	114012427781	Test (windows-latest, Node 22)	Run npm test
457	cdb3646	114009607078	Test (windows-latest, Node 22)	Run npm test
457	cdb3646	114009607102	Test (windows-latest, Node 24)	Run npm test
456	b937266	113990020132	Test (windows-latest, Node 22)	Run npm test
456	b937266	113990020239	Test (windows-latest, Node 24)	Run npm test
455	19a5900	113988943890	Test (windows-latest, Node 24)	Run npm test
455	19a5900	113988943906	Test (windows-latest, Node 22)	Run npm test
454	6745636	113984019351	Test (windows-latest, Node 24)	Run npm test
454	6745636	113984019368	Test (windows-latest, Node 22)	Run npm test
453	604a873	113983812107	Test (windows-latest, Node 24)	Run npm test
453	604a873	113983812141	Test (windows-latest, Node 22)	Run npm test
452	042a0c5	113981983932	Test (windows-latest, Node 24)	Run npm test
452	042a0c5	113981984366	Test (windows-latest, Node 22)	Run npm test
451	cd32ef9	113980966330	Test (windows-latest, Node 24)	Run npm test
451	cd32ef9	113980966381	Test (windows-latest, Node 22)	Run npm test
450	c65e68a	113972550199	Test (windows-latest, Node 24)	Run npm test
450	c65e68a	113972550232	Test (windows-latest, Node 22)	Run npm test
449	fc939d2	113972079084	Test (windows-latest, Node 24)	Run npm test
449	fc939d2	113972079097	Test (windows-latest, Node 22)	Run npm test
448	6fad463	113962951348	Test (windows-latest, Node 22)	Run npm test
448	6fad463	113962951378	Test (windows-latest, Node 24)	Run npm test
447	8fa8236	113959965673	Test (windows-latest, Node 24)	Run npm test
447	8fa8236	113959965957	Test (windows-latest, Node 22)	Run npm test
446	93bdb3a	113948527698	Test (windows-latest, Node 24)	Run npm test
446	93bdb3a	113948527783	Test (windows-latest, Node 22)	Run npm test
445	3c8c163	113931632950	Test (windows-latest, Node 22)	Run npm test
445	3c8c163	113931633014	Test (windows-latest, Node 24)	Run npm test
444	b44d133	113931522948	Test (windows-latest, Node 22)	Run npm test
444	b44d133	113931523167	Test (windows-latest, Node 24)	Run npm test
443	9c224a3	113914767187	Test (windows-latest, Node 24)	Run npm test
443	9c224a3	113914767275	Test (windows-latest, Node 22)	Run npm test
442	8dfea5b	113812455370	Test (ubuntu-latest, Node 22)	Run npm test
442	8dfea5b	113812455469	Test (windows-latest, Node 22)	Run npm test
442	8dfea5b	113812455485	Test (ubuntu-latest, Node 24)	Run npm test
442	8dfea5b	113812455498	Test (windows-latest, Node 24)	Run npm test
441	48a08f0	113751938875	Test (windows-latest, Node 22)	Run npm test
441	48a08f0	113751938924	Test (windows-latest, Node 24)	Run npm test
440	c926ed5	113750885414	Test (windows-latest, Node 22)	Run npm test
440	c926ed5	113750885614	Test (windows-latest, Node 24)	Run npm test
439	b99dfc4	113745444339	Test (windows-latest, Node 24)	Run npm test
439	b99dfc4	113745444340	Test (windows-latest, Node 22)	Run npm test
438	b48462d	113685555289	Test (windows-latest, Node 22)	Run npm test
438	b48462d	113685555301	Test (windows-latest, Node 24)	Run npm test
437	f46f748	113681791665	Test (windows-latest, Node 22)	Run npm test
437	f46f748	113681791690	Test (windows-latest, Node 24)	Run npm test
436	0c4aaa6	113662827071	Test (windows-latest, Node 24)	Run npm test
436	0c4aaa6	113662827181	Test (windows-latest, Node 22)	Run npm test
435	72f72a6	113660753703	Test (windows-latest, Node 22)	Run npm test
435	72f72a6	113660753778	Test (windows-latest, Node 24)	Run npm test
434	e10f598	113469677502	Test (windows-latest, Node 24)	Run npm test
434	e10f598	113469677678	Test (windows-latest, Node 22)	Run npm test
